pitch,roll,acceleration_x,acceleration_y,acceleration_z,angular_velocity_x,angular_velocity_y,angular_velocity_z,distance,time,jerk_x,jerk_y,jerk_z,is_running_backoff
-1.0,0.0,205.853,136.4375,9787.594,-0.05598922,-0.09555528,0.005286008,2000.0,2024-01-12 16:26:33.393240,0,0,0,False
-3.0,2.0,636.7083,330.3223,9162.854,2.254011,-2.895555,-0.414714,2000.0,2024-01-12 16:26:33.513343,3587.381664071672,1614.3210411063835,-5201.701872559384,False
-1.0,-1.0,550.5372,-526.6008,9876.159,2.114011,-2.755555,-2.724714,2000.0,2024-01-12 16:26:33.693540,-478.20496456655786,-4755.479281009118,3958.4732265243056,False
-4.0,0.0,679.7938,2.39364,9201.152,-0.5459892,-0.09555528,3.645286,1843.0,2024-01-12 16:26:33.933171,539.398491847883,2207.537589043154,-2816.860089053585,False
0.0,2.0,-86.17104,440.4298,10618.19,0.2940108,-0.02555527,-3.984714,1803.0,2024-01-12 16:26:34.113693,-4243.0553616733705,2426.497379820742,7849.669292385419,False
0.0,0.0,126.8629,90.95832,9124.556,-1.315989,-1.215555,1.895286,1779.0,2024-01-12 16:26:34.293141,1187.1625206187866,-1947.4804957424992,-8323.49204226294,False
-3.0,4.0,531.3881,773.1458,9892.914,1.204011,-2.055555,2.175286,1735.0,2024-01-12 16:26:34.473169,2247.012686915369,3789.3409914013378,4267.991645743997,False
-2.0,1.0,493.0898,215.4276,9732.54,-2.855989,-2.055555,-2.024714,1687.0,2024-01-12 16:26:34.712756,-159.851327492727,-2327.831643620063,-669.3768860580908,False
-5.0,1.0,916.7642,251.3322,9653.55,-1.175989,-4.715556,0.845286,2000.0,2024-01-12 16:26:34.892788,2353.32829719161,199.43454496978308,-438.75533238536264,False
-2.0,-3.0,421.2806,-584.0482,8959.395,-5.375989,-1.495555,0.775286,2000.0,2024-01-12 16:26:35.073319,-2744.5901257955697,-4627.351535193402,-3845.0736992538614,False
-1.0,4.0,308.7796,789.9012,9213.12,-0.8259892,-1.635555,1.125286,2000.0,2024-01-12 16:26:35.252956,-626.2685304252464,7648.476650133324,1412.431737336965,False
-6.0,4.0,1165.703,713.3047,10065.26,3.934011,-2.615555,3.015286,2000.0,2024-01-12 16:26:35.433516,4745.920469649977,-424.2163269827204,4719.428444838278,False
-3.0,0.0,624.7401,-129.2566,10402.76,0.9240108,-2.475555,-0.414714,2000.0,2024-01-12 16:26:35.613035,-3013.401924030325,-4693.438020488082,1880.0238414875305,False
-3.0,-2.0,576.8672,-349.4714,9280.143,-0.8259892,0.3944447,2.455286,2000.0,2024-01-12 16:26:35.853143,-199.38069535375732,-917.1489496393291,-4675.466873240376,False
-6.0,0.0,1144.16,93.35196,10139.46,-1.525989,-1.635555,6.515286,2000.0,2024-01-12 16:26:36.033206,3150.5239832725215,2459.269033616012,4772.313023775007,False
0.0,0.0,-55.05372,-167.5548,9651.156,0.1540108,1.304445,2.455286,2000.0,2024-01-12 16:26:36.213232,-6661.336251430351,-1449.2726606156891,-2712.408207703322,False
-1.0,3.0,306.3859,569.6863,10108.34,-0.4059892,0.8844448,0.845286,2000.0,2024-01-12 16:26:36.393300,2007.2395983739475,4094.2371770664413,2538.9519514849903,False
-2.0,1.0,452.398,208.2467,9694.242,-2.155989,0.3944447,0.775286,2000.0,2024-01-12 16:26:36.572945,812.7813187119042,-2011.9658214812544,-2305.090595340811,False
0.0,0.0,143.6184,-119.682,10034.14,-0.6159892,3.054445,-0.344714,2000.0,2024-01-12 16:26:36.872699,-1030.1100235526465,-1093.9927407140522,1133.9231503165902,False
-3.0,6.0,603.1973,1026.872,9258.6,0.6440108,-1.285555,0.425286,71.0,2024-01-12 16:26:37.052741,2552.62049966119,6368.258517457038,-4307.550460448112,False
4.0,9.0,-277.6622,610.3782,3540.194,3.794011,23.77444,15.33529,2000.0,2024-01-12 16:26:37.232219,-4907.896789578667,-2320.584138445938,-31861.320050368297,True
24.0,34.0,-5474.255,6762.033,9768.445,19.89401,24.19444,-1.114714,2000.0,2024-01-12 16:26:37.412797,-28777.552082756487,34066.46878357275,34490.64116337539,True
24.0,34.0,-5474.255,6762.033,9768.445,19.89401,24.19444,-1.114714,2000.0,2024-01-12 16:26:37.412797,-28777.552082756487,34066.46878357275,34490.64116337539,True
0.0,6.0,-148.4057,1553.472,12884.96,11.49401,-20.60555,21.56528,2000.0,2024-01-12 16:26:37.592949,29563.08728185088,-28912.035392335365,17299.363870509344,True
-1.0,0.0,287.2368,-146.012,9789.987,0.08401078,-0.09555528,-3.634714,70.0,2024-01-12 16:26:37.773093,2418.3014699351634,-9434.03055333511,-17180.55000444089,True
-1.0,0.0,287.2368,-146.012,9789.987,0.08401078,-0.09555528,-3.634714,70.0,2024-01-12 16:26:37.773093,2418.3014699351634,-9434.03055333511,-17180.55000444089,True
-19.0,13.0,3817.856,2508.535,10721.11,-13.28599,3.754445,147.2153,2000.0,2024-01-12 16:26:37.952185,19713.9972751435,14822.253366984567,5199.132289549513,True
-19.0,13.0,3817.856,2508.535,10721.11,-13.28599,3.754445,147.2153,2000.0,2024-01-12 16:26:37.952185,19713.9972751435,14822.253366984567,5199.132289549513,True
-5.0,6.0,1697.091,1031.659,9902.489,-4.325989,0.3944447,162.6853,2000.0,2024-01-12 16:26:38.133258,-11712.209992654896,-8156.246375771096,-4520.944591407891,True
-5.0,6.0,1697.091,1031.659,9902.489,-4.325989,0.3944447,162.6853,2000.0,2024-01-12 16:26:38.133258,-11712.209992654896,-8156.246375771096,-4520.944591407891,False
-4.0,1.0,792.2949,191.4912,9919.244,2.674011,-5.065556,137.9053,739.0,2024-01-12 16:26:38.433462,-3013.93752248471,-2798.6562470853155,55.812047807494295,False
-2.0,1.0,473.9407,217.8212,9131.736,4.074011,-2.685555,-1.464714,535.0,2024-01-12 16:26:38.613086,-1772.3366587983787,146.58397541531204,-4384.202556451252,False
-3.0,-2.0,497.8771,-354.2587,9349.558,-0.9659892,0.8144447,0.145286,535.0,2024-01-12 16:26:38.852629,99.92527437662545,-2388.213807124399,909.3231695353239,False
0.0,0.0,78.99012,-136.4375,9507.538,-0.4759892,2.144445,3.435286,443.0,2024-01-12 16:26:39.032715,-2326.038559354975,1209.5398864986728,877.2475372877379,False
0.0,1.0,0.0,181.9166,9919.244,-0.4059892,0.8844448,-0.484714,413.0,2024-01-12 16:26:39.213258,-437.5141656004387,1763.3145566430157,2280.376420021824,False
-5.0,1.0,971.8179,229.7894,9952.755,-2.155989,5.574445,0.495286,413.0,2024-01-12 16:26:39.392910,5409.4465967537235,266.47518535835957,186.53285240352795,False
3.0,0.0,-536.1754,-100.5329,8777.479,0.9240108,-2.755555,-6.504714,301.0,2024-01-12 16:26:39.692091,-5040.4046379950605,-1104.0884949244771,-3928.310955575387,False
1.0,0.0,-292.0241,126.8629,10091.59,2.884011,1.024445,0.285286,290.0,2024-01-12 16:26:39.812612,2025.7988234415577,1886.7732594319662,10903.585267297822,False
-3.0,0.0,639.1019,86.17104,9742.115,-1.315989,3.474445,4.485286,290.0,2024-01-12 16:26:39.993181,5156.621568486285,-225.35352136856264,-1935.4097325676078,False
0.0,2.0,-45.47916,363.8333,10220.84,0.2940108,-1.985555,-2.094714,419.0,2024-01-12 16:26:40.172345,-3820.9744145029135,1549.7659127949812,2671.9932575740686,False
-6.0,2.0,1038.84,433.2488,9040.778,1.764011,-1.635555,0.145286,427.0,2024-01-12 16:26:40.352701,6012.1047262081665,384.88045864845094,-6542.95948013928,False
-3.0,1.0,636.7083,284.8432,10199.3,0.01401079,-1.145555,2.105286,386.0,2024-01-12 16:26:40.532738,-2233.6058699045193,-824.3061148541689,6434.910601709643,False
-3.0,2.0,552.9308,337.5032,9390.25,-0.6159892,-1.985555,-1.044714,364.0,2024-01-12 16:26:40.713055,-464.6123216335677,292.0412384855558,-4486.82043290427,False
-18.0,-164.0,5201.38,-4346.85,-15326.48,-116.536,11.73444,-41.36471,2000.0,2024-01-12 16:26:40.893287,25791.47543166585,-25990.685338896536,-137138.41049314218,True
1.0,-37.0,-466.7598,-11755.17,15125.41,-42.26599,-4.855556,-92.53471,2000.0,2024-01-12 16:26:41.072827,-31570.34532694664,-41262.78266681519,169610.61601871447,True
-20.0,-44.0,5876.386,-10802.5,10852.76,26.89401,47.50444,-38.91471,347.0,2024-01-12 16:26:41.193340,52634.53569324472,7905.122268966835,-35453.8514517106,True
-20.0,-44.0,5876.386,-10802.5,10852.76,26.89401,47.50444,-38.91471,347.0,2024-01-12 16:26:41.193340,52634.53569324472,7905.122268966835,-35453.8514517106,True
7.0,1.0,-1359.588,-713.3047,8861.256,-6.425989,16.28444,0.915286,299.0,2024-01-12 16:26:41.373462,-40172.62744140083,56013.12055162612,-11056.417317151712,True
7.0,1.0,-1359.588,-713.3047,8861.256,-6.425989,16.28444,0.915286,299.0,2024-01-12 16:26:41.373462,-40172.62744140083,56013.12055162612,-11056.417317151712,True
-8.0,6.0,670.2192,440.4298,10627.76,-0.8959892,4.314445,-6.714714,304.0,2024-01-12 16:26:41.612769,8482.021838057392,4821.148148612452,7381.748131061778,True
-8.0,6.0,670.2192,440.4298,10627.76,-0.8959892,4.314445,-6.714714,304.0,2024-01-12 16:26:41.612769,8482.021838057392,4821.148148612452,7381.748131061778,True
-7.0,2.0,1452.939,416.4934,10591.86,-2.225989,18.24445,144.3453,304.0,2024-01-12 16:26:41.792892,4345.473926150464,-132.8891923852034,-199.30825047328568,True
1.0,-3.0,-1022.084,-1029.265,9220.302,-4.535989,15.37444,164.5053,2000.0,2024-01-12 16:26:41.973014,-13740.814559021108,-8026.550893283442,-7614.605656166381,True
1.0,-3.0,-1022.084,-1029.265,9220.302,-4.535989,15.37444,164.5053,2000.0,2024-01-12 16:26:41.973014,-13740.814559021108,-8026.550893283442,-7614.605656166381,False
7.0,-10.0,-1328.47,-1701.878,9483.602,-6.915989,25.45444,167.1653,2000.0,2024-01-12 16:26:42.214069,-1271.0211362552118,-2790.2885233660363,1092.2818443923632,False
-5.0,-2.0,813.8376,-466.7598,9213.12,-3.765989,2.844445,-0.624714,2000.0,2024-01-12 16:26:42.393292,11953.307332206246,6891.516155850532,-1509.1924585572162,False
-1.0,-3.0,229.7894,-528.9944,9186.79,0.01401079,3.334445,1.055286,167.0,2024-01-12 16:26:42.690493,-1965.1622975696582,-209.40239097445857,-88.59324161089609,False
-7.0,-42.0,2309.863,-11360.22,12320.07,13.03401,-45.59555,4.275286,2000.0,2024-01-12 16:26:42.753489,33019.13772303003,-171935.13238935807,49737.76112769063,True
-9.0,-11.0,2467.843,-2829.282,14213.43,-0.2659893,-3.595555,-43.04471,70.0,2024-01-12 16:26:42.932572,882.160785780895,47636.782944221384,10572.527822294694,True
-1.0,-11.0,172.3421,-1778.475,8595.562,1.694011,3.614445,-26.66471,40.0,2024-01-12 16:26:43.053653,-18958.39066410089,8678.545766883328,-46397.601605536795,True
-1.0,-11.0,172.3421,-1778.475,8595.562,1.694011,3.614445,-26.66471,40.0,2024-01-12 16:26:43.053653,-18958.39066410089,8678.545766883328,-46397.601605536795,True
10.0,-2.0,-861.7104,-675.0065,9579.348,2.744011,-3.455555,0.145286,83.0,2024-01-12 16:26:43.233174,-5760.064282173117,6146.737707566246,5480.060828538166,True
-6.0,7.0,1093.894,1259.055,9325.622,3.444011,-3.385555,-1.184714,2000.0,2024-01-12 16:26:43.412714,10892.30477887936,10772.315361479335,-1413.2004010248443,True
-6.0,7.0,1093.894,1259.055,9325.622,3.444011,-3.385555,-1.184714,2000.0,2024-01-12 16:26:43.412714,10892.30477887936,10772.315361479335,-1413.2004010248443,True
-18.0,-12.0,4069.188,-2716.781,12097.46,2.044011,-33.55555,-122.9847,176.0,2024-01-12 16:26:43.592285,16568.9003235489,-22140.746557072132,15435.88886846985,True
-18.0,-12.0,4069.188,-2716.781,12097.46,2.044011,-33.55555,-122.9847,176.0,2024-01-12 16:26:43.592285,16568.9003235489,-22140.746557072132,15435.88886846985,True
-4.0,-1.0,856.9232,-191.4912,10407.55,3.234011,3.614445,-154.9047,1366.0,2024-01-12 16:26:43.773753,-17701.549584499746,13915.895915533318,-9312.440760905503,True
-4.0,-1.0,856.9232,-191.4912,10407.55,3.234011,3.614445,-154.9047,1366.0,2024-01-12 16:26:43.773753,-17701.549584499746,13915.895915533318,-9312.440760905503,False
-1.0,0.0,356.6524,-2.39364,10505.69,0.2240108,-9.475555,-168.0647,323.0,2024-01-12 16:26:44.073411,-1669.4725320198359,631.0445908335503,327.50669096103303,False
0.0,2.0,93.35196,382.9824,9268.174,0.1540108,3.544445,-1.744714,298.0,2024-01-12 16:26:44.252992,-1466.193194157511,2145.973349073677,-6891.129907952399,False
-3.0,0.0,497.8771,-138.8311,9490.783,-2.365989,0.04444473,4.765286,338.0,2024-01-12 16:26:44.434039,2234.3653305495254,-2882.199097471927,1229.5646986693982,False
-1.0,5.0,203.4594,900.0087,8913.915,0.2940108,0.9544448,0.07528601,338.0,2024-01-12 16:26:44.613131,-1643.9466866191676,5800.592991311728,-3221.070734594502,True
-15.0,-55.0,861.7104,-8925.884,1586.983,57.97401,-0.3755553,21.21529,2000.0,2024-01-12 16:26:44.853278,2741.033616909643,-40916.15843629111,-30510.195838382326,True
-9.0,19.0,2735.931,5845.269,16166.64,-12.23599,0.1144447,-20.15471,2000.0,2024-01-12 16:26:44.972317,15744.592948529473,124086.66907484102,122477.98620620131,True
-9.0,19.0,2735.931,5845.269,16166.64,-12.23599,0.1144447,-20.15471,2000.0,2024-01-12 16:26:44.972317,15744.592948529473,124086.66907484102,122477.98620620131,True
2.0,-9.0,-339.8969,-1539.111,9418.974,10.37401,-20.25555,17.50529,318.0,2024-01-12 16:26:45.211688,-12849.62631229347,-30849.10035050194,-28189.154074637274,True
2.0,-9.0,-339.8969,-1539.111,9418.974,10.37401,-20.25555,17.50529,318.0,2024-01-12 16:26:45.211688,-12849.62631229347,-30849.10035050194,-28189.154074637274,True
-2.0,4.0,517.0262,780.3267,10709.15,-0.2659893,1.024445,-1.114714,371.0,2024-01-12 16:26:45.393829,4704.723812870248,12734.297604603027,7083.391438500938,True
-20.0,-14.0,3329.553,-2269.171,8562.051,-12.37599,-2.405555,167.9353,2000.0,2024-01-12 16:26:45.573419,15660.820758394118,-16980.33131020658,-11955.55988640793,True
-20.0,-14.0,3329.553,-2269.171,8562.051,-12.37599,-2.405555,167.9353,2000.0,2024-01-12 16:26:45.573419,15660.820758394118,-16980.33131020658,-11955.55988640793,True
0.0,2.0,-57.44736,464.3662,9713.392,2.604011,-4.855556,140.5653,1372.0,2024-01-12 16:26:45.753050,-18855.32207692436,15217.513680823464,6409.4783194437505,True
0.0,2.0,-57.44736,464.3662,9713.392,2.604011,-4.855556,140.5653,1372.0,2024-01-12 16:26:45.753050,-18855.32207692436,15217.513680823464,6409.4783194437505,False
-3.0,7.0,651.0701,1546.292,11491.87,6.034011,-21.23556,134.2653,192.0,2024-01-12 16:26:45.993210,2950.189290473018,4505.020819453697,7405.388074616926,False
-1.0,-6.0,253.7258,-978.9988,8296.356,-1.175989,-5.135555,-1.394714,2000.0,2024-01-12 16:26:46.172536,-2215.7651428125314,-14082.123060794305,-17819.57998282458,False
51.0,5.0,-11422.45,825.8058,8887.586,-11.53599,53.45444,-23.86471,2000.0,2024-01-12 16:26:46.353614,-64481.47096831201,9967.000960911873,3265.057047239309,False
-10.0,0.0,2472.63,-100.5329,13981.25,1.064011,-6.185555,3.155286,2000.0,2024-01-12 16:26:46.532727,77577.17195290125,-5171.811649629006,28438.27081228052,True
-4.0,40.0,718.092,6118.144,7195.282,46.35401,-6.325555,35.56529,2000.0,2024-01-12 16:26:46.653839,-14486.90468326838,51346.49663121739,-56030.51720721316,True
20.0,-11.0,-2846.038,146.012,5991.281,-3.555989,11.52445,1.055286,124.0,2024-01-12 16:26:46.832862,-19908.782670383138,-33359.579495372105,-6725.3984124944855,True
20.0,-11.0,-2846.038,146.012,5991.281,-3.555989,11.52445,1.055286,124.0,2024-01-12 16:26:46.832862,-19908.782670383138,-33359.579495372105,-6725.3984124944855,True
-8.0,0.0,1409.854,47.8728,9105.406,-4.675989,-6.255556,-6.084714,2000.0,2024-01-12 16:26:47.012972,23629.404252956527,-544.8847926267282,17290.12825495531,True
-8.0,0.0,1409.854,47.8728,9105.406,-4.675989,-6.255556,-6.084714,2000.0,2024-01-12 16:26:47.012972,23629.404252956527,-544.8847926267282,17290.12825495531,True
15.0,-14.0,-2915.454,-2041.775,8013.907,8.414011,10.19444,146.1653,2000.0,2024-01-12 16:26:47.193114,-24010.54723495909,-11600.003330705778,-6059.103374004956,True
20.0,-30.0,-2750.292,-3746.047,6367.083,0.5040108,21.39445,146.1653,1186.0,2024-01-12 16:26:47.373751,914.3309510233245,-9434.789107436462,-9116.759025005955,True
20.0,-30.0,-2750.292,-3746.047,6367.083,0.5040108,21.39445,146.1653,1186.0,2024-01-12 16:26:47.373751,914.3309510233245,-9434.789107436462,-9116.759025005955,False
6.0,-2.0,-1180.065,-445.217,9610.465,1.344011,8.024445,141.4053,2000.0,2024-01-12 16:26:47.613416,6551.757661736173,13772.68270293952,13532.981453278537,False
-13.0,-2.0,2321.831,-160.3739,7973.215,-0.3359892,-4.435555,-7.204714,2000.0,2024-01-12 16:26:47.792855,19515.802027429938,1587.4090916690352,-9124.270643505593,False
4.0,5.0,-873.6786,1077.138,10278.29,1.134011,-1.425555,-2.304714,2000.0,2024-01-12 16:26:47.972882,-17750.16858582324,6874.035005860233,12804.051614480055,False
-4.0,-2.0,730.0602,-438.0361,9323.228,-2.155989,1.584445,0.425286,2000.0,2024-01-12 16:26:48.212428,6694.909537207885,-6325.1905688260285,-3986.96701259884,False
-1.0,0.0,268.0877,62.23464,10161.0,-0.3359892,-0.3055552,3.925286,2000.0,2024-01-12 16:26:48.392986,-2558.5822838090808,2770.6927413905782,4639.905182822145,False
-2.0,6.0,421.2806,1182.458,9991.054,-0.3359892,0.04444473,6.025286,2000.0,2024-01-12 16:26:48.649706,596.731458398255,4363.599875350577,-661.9897164225612,False
1.0,5.0,-402.1315,1194.426,11455.96,2.044011,2.284445,0.355286,2000.0,2024-01-12 16:26:48.869823,-3740.7928510746556,54.37108446871367,6655.124320247864,False
3.0,7.0,-402.1315,-323.1414,8887.586,-1.245989,4.244444,2.945286,2000.0,2024-01-12 16:26:48.993342,0.0,-12286.104971704757,-20793.351630113582,False
-4.0,1.0,706.1238,232.1831,8648.222,0.7840108,-0.6555552,6.305286,2000.0,2024-01-12 16:26:49.172891,6172.43927841425,3092.8855075773185,-1333.1402569772017,False
0.0,-5.0,-830.5931,-138.8311,10187.33,-3.625989,-0.6555552,1.055286,2000.0,2024-01-12 16:26:49.353039,-8530.302306992027,-2059.496636099207,8543.575282545464,False
-1.0,0.0,196.2785,-64.62828,8983.331,-0.8259892,1.934445,0.845286,2000.0,2024-01-12 16:26:49.547098,5291.54329353444,382.372474350584,-6204.293539593627,False
-4.0,2.0,734.8475,359.046,9880.946,-0.3359892,-1.005555,5.745286,2000.0,2024-01-12 16:26:49.713182,3242.750656294405,2550.963849618265,5404.5844271573405,False
-2.0,6.0,473.9407,1091.5,9665.519,3.234011,-3.035555,1.125286,2000.0,2024-01-12 16:26:49.892495,-1455.0356081265718,4084.7791292321244,-1201.40201770089,False
-7.0,0.0,1259.055,157.9802,10216.06,1.974011,2.494445,-1.114714,2000.0,2024-01-12 16:26:50.072700,4356.784217973975,-5180.321300740823,3055.0817124941,False
-2.0,0.0,394.9506,-62.23464,10132.28,-2.225989,3.124445,2.245286,2000.0,2024-01-12 16:26:50.252880,-4795.784215784216,-1222.193584193584,-464.9794649794585,False
0.0,3.0,40.69188,569.6863,9845.041,-1.385989,1.584445,1.335286,2000.0,2024-01-12 16:26:50.432952,-1967.3170731707319,3509.268181616242,-1595.134168554808,False
-14.0,0.0,2276.352,95.74561,8602.742,-2.155989,-12.48555,-0.624714,2000.0,2024-01-12 16:26:50.613085,12411.163529170113,-2631.0597725014295,-6896.565315627892,False
6.0,5.0,-1069.957,861.7104,9813.924,-2.225989,4.734445,2.805286,2000.0,2024-01-12 16:26:50.793328,-18565.542073755987,4249.622953457278,6719.717270573619,False
-6.0,2.0,1290.172,409.3124,11204.63,3.024011,-3.595555,1.335286,333.0,2024-01-12 16:26:50.973356,13109.788477347967,-2512.9313217943877,7724.942786677619,False
-3.0,2.0,540.9626,461.9725,8945.033,-3.135989,2.774445,-1.604714,287.0,2024-01-12 16:26:51.167931,-3850.491584222023,270.64165488886033,-11612.987279969162,False
-4.0,13.0,756.3903,2266.777,9773.232,1.834011,-3.315555,-0.904714,287.0,2024-01-12 16:26:51.333446,1301.5599794580555,10904.17484820107,5003.770051052778,False
4.0,2.0,-871.285,519.4199,10632.55,-1.315989,5.504445,-2.794714,287.0,2024-01-12 16:26:51.572680,-6803.695544947624,-7303.966409456851,3591.9559928772637,False
0.0,3.0,-112.5011,655.8574,9878.553,-1.315989,-1.495555,-0.06471399,2000.0,2024-01-12 16:26:51.760754,4034.496527962398,725.4458351499942,-4009.0443123451378,False
-7.0,3.0,1282.991,540.9626,10077.22,-0.4759892,-6.605556,0.9852859,2000.0,2024-01-12 16:26:51.932783,8111.958448866179,-667.8804155113385,1154.8459852699223,False
-3.0,0.0,840.1677,169.9484,12037.62,0.4340108,-3.875555,-0.624714,488.0,2024-01-12 16:26:52.113358,-2452.295721999169,-2054.62660944206,10856.43084590891,False
1.0,-1.0,-165.1612,-179.523,9402.218,0.3640108,-0.7255552,2.525286,386.0,2024-01-12 16:26:52.292899,-5599.439125325134,-1946.4712795406062,-14678.552531176723,False
-8.0,0.0,1443.365,2.39364,9797.169,-0.6859893,0.6744447,1.965286,1507.0,2024-01-12 16:26:52.472979,8932.286761439362,1010.1990226565971,2193.1974677920875,False
1.0,-1.0,-213.034,-220.2149,9821.105,-3.205989,3.054445,-1.464714,291.0,2024-01-12 16:26:52.713063,-6899.24776328285,-927.2110594625215,99.69843887972416,False
-7.0,4.0,1213.576,715.6984,9847.436,0.4340108,0.04444473,12.39529,291.0,2024-01-12 16:26:52.893180,7920.462810284427,5196.140841786172,146.18831093122876,False
0.0,1.0,11.9682,174.7357,9756.477,0.2240108,-0.9355553,17.50529,2000.0,2024-01-12 16:26:53.072326,-6707.421879360968,-3019.6750136759965,-507.7367063735664,False
-1.0,2.0,265.694,375.8015,9849.829,1.344011,1.024445,1.475286,828.0,2024-01-12 16:26:53.252441,1408.68778280543,1116.3190184049079,518.2910918024537,False
-5.0,1.0,847.3486,315.9605,9282.536,1.904011,2.214445,3.925286,796.0,2024-01-12 16:26:53.432500,3230.355605662589,-332.34106598392725,-3150.5950827228835,False
-4.0,0.0,737.2411,172.3421,10153.82,1.554011,-1.355555,13.30529,763.0,2024-01-12 16:26:53.613019,-609.9496451897033,-795.58606019311,4826.550113838431,False
-1.0,2.0,248.9386,464.3662,9892.914,-0.2659893,-2.895555,2.875286,732.0,2024-01-12 16:26:53.792559,-2719.742118747911,1626.5127548178677,-1453.1914893616968,False
-5.0,0.0,950.2751,83.7774,9799.563,-0.5459892,0.1144447,4.835286,693.0,2024-01-12 16:26:53.973800,3869.634906009125,-2099.904546984402,-515.0655756699674,False
4.0,-5.0,-701.3365,-952.6688,9852.223,-0.4059892,1.864445,2.105286,658.0,2024-01-12 16:26:54.152836,-9225.0251346098,-5789.037958846266,294.1307893384563,False
-1.0,5.0,359.046,933.5196,10498.5,2.044011,1.794445,11.90529,613.0,2024-01-12 16:26:54.392436,4425.636477462437,7872.2387312186975,2697.3163606010016,False
-1.0,0.0,292.0241,-74.20284,8851.681,-1.595989,1.654445,5.885286,589.0,2024-01-12 16:26:54.573050,-371.0781002580089,-5579.425958120633,-9117.892300707585,False
-1.0,4.0,251.3322,780.3267,10172.97,0.7140108,1.444445,6.095286,542.0,2024-01-12 16:26:54.753647,-225.31880374535552,4731.692885263875,7316.228951754452,False
-1.0,1.0,236.9704,184.3103,9670.306,-0.05598922,0.3944447,0.915286,506.0,2024-01-12 16:26:54.933168,-80.00066844547429,-3320.0372101314056,-2800.0289659705486,False
-4.0,2.0,883.2532,538.569,10357.28,-0.9659892,-1.495555,2.175286,463.0,2024-01-12 16:26:55.171895,2707.2044636760816,1483.9490296447407,2877.655229613744,False
1.0,0.0,-205.853,-136.4375,9507.538,-1.105989,-0.8655553,-0.9747141,422.0,2024-01-12 16:26:55.293409,-8962.804285925902,-5554.96897476834,-6992.955544217129,False
-3.0,1.0,507.4517,234.5767,9055.141,-0.1959892,0.5344448,-0.834714,383.0,2024-01-12 16:26:55.473434,3962.2535758922377,2060.903763366199,-2512.967643382868,False
-2.0,3.0,409.3124,531.3881,10074.83,-1.175989,0.9544448,-1.114714,342.0,2024-01-12 16:26:55.652463,-548.1754352646777,1657.8956481910755,5695.663830999449,False
0.0,5.0,-148.4057,861.7104,9301.686,0.9940108,0.3244447,-2.024714,299.0,2024-01-12 16:26:55.832498,-3097.8315327575197,1834.767128613881,-4294.409420390481,False
0.0,1.0,-129.2566,287.2368,9722.966,2.184011,-1.285555,1.685286,256.0,2024-01-12 16:26:56.083039,76.43100330883968,-2292.9324940828046,1681.4812745219372,False
0.0,3.0,-23.9364,605.5909,9622.433,0.9940108,1.794445,-1.884714,212.0,2024-01-12 16:26:56.310640,462.74049762523015,1398.7377032614093,-441.70719812302866,False
0.0,-4.0,88.56468,-675.0065,9438.123,-1.105989,-1.215555,-2.164714,180.0,2024-01-12 16:26:56.432730,921.4602342534196,-10488.962240969777,-1509.624047833576,False
-4.0,2.0,593.6227,325.535,7887.044,-0.4759892,1.444445,4.905286,147.0,2024-01-12 16:26:56.612755,2805.488237744758,5557.791973337037,-8615.908901541452,False
-1.0,0.0,330.3223,-9.57456,9900.095,-0.6859893,-2.475555,2.525286,106.0,2024-01-12 16:26:56.793284,-1458.493649219793,-1856.2644228905053,11150.845570517753,False
-2.0,1.0,371.0142,280.0559,10608.61,0.6440108,2.144445,2.665286,49.0,2024-01-12 16:26:57.032321,170.23264180859044,1211.6553504269216,2964.039039981263,True
6.0,-9.0,-1170.49,-1756.932,10266.32,-6.075989,-27.95555,15.68529,40.0,2024-01-12 16:26:57.213341,-8515.656833499062,-11252.83338857585,-1890.8960335874538,True
-10.0,12.0,1251.874,1462.514,6558.574,3.584011,-27.74556,58.52529,40.0,2024-01-12 16:26:57.332861,20267.436412315932,26936.4625167336,-31021.97121820616,True
-10.0,12.0,1251.874,1462.514,6558.574,3.584011,-27.74556,58.52529,40.0,2024-01-12 16:26:57.332861,20267.436412315932,26936.4625167336,-31021.97121820616,True
-18.0,-1.0,5316.274,-409.3124,15623.29,7.714011,-21.44555,9.175285,40.0,2024-01-12 16:26:57.513498,22500.373677596508,-10362.364299672825,50181.94500572973,True
2.0,3.0,-416.4934,634.3146,9409.399,-2.225989,10.12444,4.345286,49.0,2024-01-12 16:26:57.692529,-32021.087968005544,5829.308890639051,-34708.46389731388,True
2.0,3.0,-416.4934,634.3146,9409.399,-2.225989,10.12444,4.345286,49.0,2024-01-12 16:26:57.692529,-32021.087968005544,5829.308890639051,-34708.46389731388,True
-10.0,13.0,2127.946,2654.547,11175.91,6.874011,-26.41556,146.0953,76.0,2024-01-12 16:26:57.872558,14133.497380977507,11221.705391909081,9812.36911830872,True
-10.0,13.0,2127.946,2654.547,11175.91,6.874011,-26.41556,146.0953,76.0,2024-01-12 16:26:57.872558,14133.497380977507,11221.705391909081,9812.36911830872,True
-7.0,8.0,1338.045,1500.812,10194.51,2.884011,-0.4455553,163.2453,110.0,2024-01-12 16:26:58.113585,-3277.230351786314,-4786.745883241298,-4071.742999746915,True
-7.0,8.0,1338.045,1500.812,10194.51,2.884011,-0.4455553,163.2453,110.0,2024-01-12 16:26:58.113585,-3277.230351786314,-4786.745883241298,-4071.742999746915,False
8.0,0.0,-1352.407,33.51096,9244.238,0.9240108,10.75445,133.0753,2000.0,2024-01-12 16:26:58.353185,-11228.931552587646,-6123.960934891485,-3966.076794657766,False
-4.0,0.0,770.7521,-7.18092,9208.333,-0.5459892,1.864445,3.295286,2000.0,2024-01-12 16:26:58.533214,11793.428280999173,-226.02958412255802,-199.4400902076823,False
1.0,3.0,-299.205,639.1019,11104.1,0.8540108,1.794445,2.945286,2000.0,2024-01-12 16:26:58.723416,-5625.372498711896,3397.8760475704776,9967.124425610666,False
-6.0,5.0,1105.862,888.0405,9995.841,0.4340108,0.6044447,9.875285,2000.0,2024-01-12 16:26:58.893522,8259.949678435798,1463.4322128555132,-6515.108226635157,False
2.0,1.0,-387.7697,246.5449,10117.92,1.974011,2.634445,6.515286,2000.0,2024-01-12 16:26:59.132333,-6254.451009375615,-2686.206246780927,511.195045454354,False
-1.0,1.0,193.8848,198.6721,9643.976,-0.3359892,1.514445,3.995286,2000.0,2024-01-12 16:26:59.312872,3221.766488127219,-265.1659752186509,-2625.161322484336,False
-5.0,0.0,828.1995,-26.33004,9344.771,-0.4059892,0.1144447,0.9852859,2000.0,2024-01-12 16:26:59.493089,3519.7273287203757,-1248.5067446467315,-1660.2484782234746,False
-4.0,0.0,832.9868,-14.36184,9629.614,-1.175989,3.264445,4.485286,2000.0,2024-01-12 16:26:59.673119,26.591679164584086,66.47892017997,1582.1974115425148,False
-1.0,5.0,174.7357,768.3585,8758.329,0.1540108,-1.355555,9.665286,2000.0,2024-01-12 16:26:59.861189,-3500.0324347317487,4161.856436433243,-4632.769713404583,False
1.0,0.0,-402.1315,-162.7675,11762.35,-1.735989,4.944445,-0.554714,2000.0,2024-01-12 16:27:00.032711,-3363.2257086554496,-5428.609741024476,17513.91075197351,False
1.0,-1.0,-311.1732,-184.3103,10450.63,-2.785989,1.164445,-1.534714,2000.0,2024-01-12 16:27:00.271776,380.47518457323326,-90.11273084725912,-5486.875954238392,False
-6.0,3.0,1235.118,701.3365,10311.8,-1.035989,0.6044447,-10.35471,2000.0,2024-01-12 16:27:00.393286,12725.629166323757,7288.674183194798,-1142.5397086659527,False
1.0,-1.0,-287.2368,-320.7478,10529.62,1.344011,3.194445,3.505286,2000.0,2024-01-12 16:27:00.572495,-8494.856843127298,-5703.308985597821,1215.4523489333767,False
-3.0,-2.0,591.2291,-363.8333,9220.302,-0.6159892,0.1144447,-5.454714,2000.0,2024-01-12 16:27:00.753699,4847.93878722324,-237.77344870974164,-7225.657270258941,False
5.0,-1.0,-1041.233,-320.7478,10046.11,1.624011,1.094445,-3.144714,2000.0,2024-01-12 16:27:00.933231,-9092.875364837466,239.9878573179156,4599.781654523989,False
-2.0,7.0,394.9506,1249.48,9483.602,2.324011,1.094445,5.465286,2000.0,2024-01-12 16:27:01.173310,5982.129215799799,6540.462930951896,-2343.012091853098,False
1.0,0.0,-284.8432,23.9364,9414.187,0.6440108,0.8144447,1.895286,2000.0,2024-01-12 16:27:01.352956,-3784.0742348841613,-6821.992140097747,-386.3988065417592,False
2.0,0.0,-416.4934,47.8728,10101.16,1.834011,-0.8655553,-7.694714,2000.0,2024-01-12 16:27:01.546070,-681.7227130088962,123.94958418343568,3557.344366539971,False
-4.0,4.0,734.8475,753.9966,9052.747,1.204011,-0.1655553,-2.584714,2000.0,2024-01-12 16:27:01.713206,6888.6469701321075,4224.845634692705,-6272.813756461806,False
2.0,-2.0,-414.0997,-521.8135,10941.33,-0.6859893,0.4644447,-1.114714,2000.0,2024-01-12 16:27:01.893286,-6380.204353620614,-7084.685139937806,10487.466681474903,False
5.0,-5.0,-873.6786,-809.0504,8535.721,-0.8959892,5.434444,5.955286,2000.0,2024-01-12 16:27:02.131390,-1930.1603500991162,-1206.350586298424,-10103.1860027551,False
-6.0,0.0,1127.404,16.75548,9462.06,-0.5459892,-2.405555,0.9852859,2000.0,2024-01-12 16:27:02.253423,16397.880901067743,6767.070218711332,7590.8893496021565,False
-2.0,3.0,423.6743,584.0482,9167.642,0.6440108,-0.9355553,3.645286,2000.0,2024-01-12 16:27:02.432456,-3930.7261789725917,3168.648908301821,-1644.4901219328262,False
0.0,-6.0,14.36184,-1113.043,9643.976,-0.05598922,0.1844447,-0.204714,2000.0,2024-01-12 16:27:02.673531,-1697.8635694286008,-7039.681426941822,1975.8747277818136,False
6.0,2.0,-1089.106,461.9725,10302.23,1.414011,2.774445,8.405286,2000.0,2024-01-12 16:27:02.852889,-6152.320164140992,8781.406460821374,3670.056534974738,False
-2.0,-1.0,452.398,-232.1831,10611.01,1.344011,-1.145555,0.915286,2000.0,2024-01-12 16:27:03.092921,6422.077056392481,-2891.9294094120787,1286.4118117584349,False
-1.0,2.0,284.8432,512.239,10917.39,2.464011,-2.265555,2.385286,2000.0,2024-01-12 16:27:03.273547,-927.6338954524819,4121.345210545547,1696.2120624937672,False
-2.0,0.0,519.4199,93.35196,10196.91,-0.2659893,0.4644447,0.6352859,2000.0,2024-01-12 16:27:03.452671,1309.577164422411,-2338.531073446328,-4022.2415756682494,False
0.0,-1.0,-14.36184,-217.8212,10065.26,-0.1259892,2.634445,3.785286,2000.0,2024-01-12 16:27:03.632403,-2969.875926379276,-1731.317517192264,-732.4794694322637,False
-3.0,1.0,586.4418,232.1831,10208.88,-2.015989,1.444445,4.415286,1614.0,2024-01-12 16:27:03.873110,2495.9957126298777,1869.5106498772366,596.6590086702879,False
-5.0,0.0,897.615,-129.2566,9385.463,-1.735989,-0.5855553,2.525286,2000.0,2024-01-12 16:27:04.053326,1726.667998401918,-2005.5916233852713,-4569.056021662891,False
0.0,2.0,-38.29824,438.0361,9074.289,-1.035989,-0.02555527,11.20529,2000.0,2024-01-12 16:27:04.293519,-3896.5050605138367,2361.8202861865248,-1295.5165221301165,False
-3.0,4.0,552.9308,660.6447,9203.546,-1.035989,0.6044447,4.205286,1491.0,2024-01-12 16:27:04.532616,2472.758085630518,931.0388670706866,540.6048591157547,False
0.0,3.0,2.39364,591.2291,8648.222,2.044011,-2.545555,1.195286,2000.0,2024-01-12 16:27:04.652931,-4575.798196401113,-576.9488426214514,-4615.584091759137,False
0.0,0.0,98.13924,107.7138,10654.09,1.694011,1.794445,4.765286,2000.0,2024-01-12 16:27:04.833015,531.6718864529886,-2684.943137646876,11138.513138313234,False
0.0,0.0,-98.13924,38.29824,10125.1,-0.9659892,0.4644447,9.105286,2000.0,2024-01-12 16:27:05.088087,-769.5022581859239,-272.1410425291682,-2073.8850207000364,False
-2.0,0.0,325.535,124.4693,9268.174,-2.855989,0.8844448,2.665286,2000.0,2024-01-12 16:27:05.253305,2564.3346366618653,521.5597574114202,-5186.638259753777,False
-4.0,4.0,730.0602,742.0284,9971.904,-0.7559893,0.9544448,1.405286,2000.0,2024-01-12 16:27:05.433333,2247.0126869153687,3430.3502788455135,3909.003043970936,False
-1.0,0.0,275.2686,40.69188,10460.21,-0.05598922,-0.09555528,5.115286,2000.0,2024-01-12 16:27:05.613510,-2524.137931034483,-3892.486388384755,2710.146134079259,False
0.0,6.0,9.57456,1153.734,10407.55,1.344011,1.024445,5.535286,2000.0,2024-01-12 16:27:05.792716,-1482.6179927011372,6210.964588239232,-293.8517683559694,False
1.0,-6.0,-294.4177,-1043.627,9643.976,0.01401079,4.174445,3.715286,2000.0,2024-01-12 16:27:05.972822,-1687.8519316402567,-12200.3764449824,-4239.581135553501,False
0.0,-1.0,28.72368,-265.694,9512.325,-0.2659893,1.234445,6.655286,2000.0,2024-01-12 16:27:06.152964,1793.8147683494135,4318.443228120039,-730.8179103151949,False
1.0,0.0,-189.0976,167.5548,9610.465,-0.1959892,0.8844448,5.815286,2000.0,2024-01-12 16:27:06.333077,-1209.3590135081865,2405.427703719332,544.8801585671185,False
1.0,0.0,-306.3859,165.1612,9653.55,0.2940108,2.844445,4.415286,2000.0,2024-01-12 16:27:06.572408,-490.06731263396716,-10.001211710977651,180.0226464603379,False
-5.0,0.0,998.1479,83.7774,9701.423,-2.365989,-0.2355553,4.345286,2000.0,2024-01-12 16:27:06.752725,7234.66894413727,-451.3373669703911,265.4935474747329,False
0.0,-2.0,-86.17104,-536.1754,10517.65,0.5740108,-0.5855553,-0.624714,2000.0,2024-01-12 16:27:06.933255,-6006.308868332134,-3434.07079155819,4521.281781421365,False
5.0,3.0,-1084.319,591.2291,11137.61,-0.6159892,1.584445,3.435286,2000.0,2024-01-12 16:27:07.113025,-5552.361128108138,6271.3717527952385,3448.628803471107,False
-7.0,-2.0,1316.502,-394.9506,10421.91,-0.9659892,1.164445,4.415286,2000.0,2024-01-12 16:27:07.293184,13326.123035762852,-5473.940796740657,-3972.601979362678,False
4.0,1.0,-823.4122,215.4276,9758.87,-1.175989,2.284445,5.045286,2000.0,2024-01-12 16:27:07.472545,-11930.766443095212,3403.0709017010386,-3696.6787651719105,False
-1.0,3.0,332.716,686.9747,10821.65,-0.4059892,2.284445,-2.094714,2000.0,2024-01-12 16:27:07.669124,5881.2396034164385,2398.7663992593307,5406.37606254991,False
0.0,1.0,-31.11732,217.8212,9572.167,-3.625989,4.104445,2.805286,2000.0,2024-01-12 16:27:07.832642,-2225.0352866351104,-2869.12450005504,-7641.256620066293,False
7.0,4.0,-1117.83,665.4319,8949.82,-0.4059892,0.4644447,7.075286,2000.0,2024-01-12 16:27:08.072964,-4521.902613992892,1862.5456678955736,-2589.6380689241923,False
0.0,1.0,-62.23464,189.0976,8870.83,-4.255989,-0.7255552,5.045286,2000.0,2024-01-12 16:27:08.252007,5895.764481158158,-2660.4463732176073,-441.178934669324,False
2.0,2.0,-466.7598,430.8552,9481.208,0.2940108,-2.685555,3.715286,2000.0,2024-01-12 16:27:08.441342,-2136.557741569176,1276.8774922755963,3223.7990862756524,False
2.0,0.0,-414.0997,157.9802,10072.44,0.8540108,5.434444,6.235286,2000.0,2024-01-12 16:27:08.612060,308.46249370306583,-1598.3961855223233,3463.2083318689297,False
-1.0,1.0,308.7796,210.6403,9993.447,-1.245989,0.2544447,2.805286,2000.0,2024-01-12 16:27:08.792603,4003.917626271858,291.67622117722647,-437.53011747894067,False
-1.0,4.0,246.5449,713.3047,9150.886,0.01401079,1.234445,2.315286,2000.0,2024-01-12 16:27:08.972635,-345.6868778883754,2792.083629576964,-4680.0624333451815,False
4.0,2.0,-761.1776,517.0262,9883.34,-1.455989,0.1844447,3.085286,2000.0,2024-01-12 16:27:09.176566,-4941.487561969489,-962.4750528364987,3591.675615772,False
-8.0,0.0,1268.629,-59.841,8384.921,1.134011,3.474445,5.745286,2000.0,2024-01-12 16:27:09.392717,9390.687991265364,-2668.815781560113,-6932.278823600168,False
0.0,5.0,169.9484,1029.265,10359.67,4.284011,2.144445,7.985286,2000.0,2024-01-12 16:27:09.572887,-6098.021868235555,6044.879835710718,10960.476216906254,False
1.0,2.0,-339.8969,349.4714,9806.743,-1.525989,-0.3755553,1.755286,2000.0,2024-01-12 16:27:09.753078,-2829.4715052361107,-3772.6279336925822,-3068.560582936993,False
5.0,-1.0,-995.7543,-363.8333,10685.21,-0.7559893,-0.6555552,4.555286,2000.0,2024-01-12 16:27:09.932217,-3661.164793819324,-3981.8504066674486,4903.828870318573,False
-4.0,4.0,854.5295,868.8914,10457.81,2.114011,2.214445,5.255286,2000.0,2024-01-12 16:27:10.170404,7768.198096453626,5175.449121908417,-954.7120539743967,False
-1.0,0.0,253.7258,45.47916,10804.89,0.9940108,3.404445,3.225286,2000.0,2024-01-12 16:27:10.292579,-4917.566605279311,-6739.613177818703,2840.8430529977486,False
-1.0,2.0,270.4813,469.1534,9584.135,1.344011,-1.495555,5.885286,2000.0,2024-01-12 16:27:10.532603,69.80760257307597,1765.1328200513283,-5085.970569609703,False
-3.0,0.0,634.3146,-93.35196,9287.323,-2.505989,-2.265555,-0.694714,2000.0,2024-01-12 16:27:10.712734,2019.8261265412395,-3122.757104551687,-1647.756355097123,False
0.0,-1.0,98.13924,-213.034,9390.25,-0.6159892,3.964445,3.435286,2000.0,2024-01-12 16:27:10.892898,-2976.0404964365807,-664.2949756888169,571.2961523944833,False
-1.0,1.0,313.5668,270.4813,10804.89,0.7840108,-0.09555528,-0.06471399,2000.0,2024-01-12 16:27:11.073997,1189.5568722080188,2669.8949193535022,7811.418064152753,False
-4.0,2.0,773.1458,471.5471,9947.968,0.4340108,-1.705555,3.155286,2000.0,2024-01-12 16:27:11.252515,2574.4126642691494,1126.3054705968027,-4800.199419666356,False
7.0,11.0,-1823.954,2810.133,14074.6,8.484011,8.934445,5.045286,2000.0,2024-01-12 16:27:11.452758,-12969.74076497056,11678.739831105207,20608.121132823617,False
-3.0,-1.0,552.9308,-275.2686,9581.741,0.2940108,1.934445,4.905286,2000.0,2024-01-12 16:27:11.612785,14853.023552275552,-19280.506414542542,-28075.6309872709,False
-5.0,1.0,955.0624,227.3958,10627.76,-2.855989,-1.635555,1.965286,2000.0,2024-01-12 16:27:11.793318,2227.468662239037,2784.335273883445,5794.059811779565,False
-8.0,1.0,1278.204,246.5449,8851.681,0.08401078,-1.565555,4.065286,2000.0,2024-01-12 16:27:12.032414,1351.514036203031,80.08958744604679,-7428.309131060326,False
12.0,26.0,-4579.033,9107.801,18402.3,-14.75599,30.28444,35.00529,2000.0,2024-01-12 16:27:12.170574,-42394.59322524609,64137.63824551244,69127.23653734798,True
40.0,11.0,-8243.696,1950.817,9339.983,1.554011,12.15444,25.48528,2000.0,2024-01-12 16:27:12.333087,-22549.968310227487,-44039.455305114054,-55763.6435239027,True
40.0,11.0,-8243.696,1950.817,9339.983,1.554011,12.15444,25.48528,2000.0,2024-01-12 16:27:12.333087,-22549.968310227487,-44039.455305114054,-55763.6435239027,True
-15.0,23.0,3427.693,4770.524,11180.69,6.174011,-0.3055552,27.23528,2000.0,2024-01-12 16:27:12.513119,64829.524751155346,15662.254488091008,10224.332340917172,True
-15.0,23.0,3427.693,4770.524,11180.69,6.174011,-0.3055552,27.23528,2000.0,2024-01-12 16:27:12.513119,64829.524751155346,15662.254488091008,10224.332340917172,True
3.0,2.0,-696.5493,450.0043,11029.89,7.994011,-15.49555,35.35529,79.0,2024-01-12 16:27:12.692681,-22968.346866263462,-24061.4367182366,-839.8213430458621,True
3.0,2.0,-696.5493,450.0043,11029.89,7.994011,-15.49555,35.35529,79.0,2024-01-12 16:27:12.692681,-22968.346866263462,-24061.4367182366,-839.8213430458621,True
-19.0,-4.0,3080.615,-663.0383,8542.901,4.494011,13.69444,-150.7047,2000.0,2024-01-12 16:27:12.932818,15729.205828339656,-4635.031669422038,-10356.542307099697,True
-19.0,-4.0,3080.615,-663.0383,8542.901,4.494011,13.69444,-150.7047,2000.0,2024-01-12 16:27:12.932818,15729.205828339656,-4635.031669422038,-10356.542307099697,True
-4.0,-2.0,792.2949,-363.8333,9392.644,-2.645989,4.594445,-157.1447,2000.0,2024-01-12 16:27:13.172903,-9531.291417622926,1246.2461211654208,3539.342316262992,True
-4.0,-2.0,792.2949,-363.8333,9392.644,-2.645989,4.594445,-157.1447,2000.0,2024-01-12 16:27:13.172903,-9531.291417622926,1246.2461211654208,3539.342316262992,False
3.0,6.0,-536.1754,945.4878,8286.782,-0.5459892,4.804445,-161.0647,2000.0,2024-01-12 16:27:13.473025,-4426.4342500716375,4362.629530657533,-3684.708218657749,False
0.0,-2.0,-138.8311,-399.7379,10400.37,-2.435989,-0.3055552,0.145286,667.0,2024-01-12 16:27:13.663182,2089.5591537519,-7074.289665907645,11114.962899078138,False
-1.0,1.0,256.1195,303.9923,9524.294,-3.555989,-2.965555,2.945286,608.0,2024-01-12 16:27:13.893257,1716.6167554058459,3058.699119852222,-3807.7844181245287,False
-1.0,0.0,265.694,83.7774,10046.11,-0.6859893,-0.09555528,1.685286,588.0,2024-01-12 16:27:14.149378,37.38272144806557,-859.8080594718903,2037.380769245789,False
-3.0,-7.0,581.6545,-1196.82,9292.11,-2.785989,7.534445,-5.804714,540.0,2024-01-12 16:27:14.431613,1119.4943929703968,-4537.344411571917,-2671.532588091484,False
0.0,-1.0,28.72368,-351.8651,10409.94,-1.665989,-1.355555,-1.604714,511.0,2024-01-12 16:27:14.491699,-9202.323669407184,14062.425523416436,18603.834503877773,False
-2.0,0.0,416.4934,-33.51096,9105.406,-3.275989,6.694445,0.775286,465.0,2024-01-12 16:27:14.672776,2141.4631344676577,1758.1147246751382,-7204.305350762382,False
-3.0,0.0,603.1973,-45.47916,10137.07,1.764011,-3.245555,4.765286,463.0,2024-01-12 16:27:14.853302,1034.2216633615105,-66.29626757364592,5714.766847988649,False
0.0,5.0,-76.59648,945.4878,9038.385,-0.9659892,0.1844447,2.735286,2000.0,2024-01-12 16:27:15.092914,-2837.0606647413324,4135.715072700867,-4585.267015007594,False
-5.0,2.0,1077.138,540.9626,10529.62,-0.8259892,-2.615555,-1.674714,371.0,2024-01-12 16:27:15.273289,6396.310353430353,-2242.6899514899515,8267.41510741511,False
-1.0,0.0,260.9068,-71.8092,10196.91,-0.5459892,3.754445,0.005286008,348.0,2024-01-12 16:27:15.512925,-3406.1292960990836,-2557.094092707273,-1388.397402727474,False
-4.0,-1.0,682.1874,-251.3322,9301.686,-3.835989,5.924445,2.105286,2000.0,2024-01-12 16:27:15.692511,2345.843217177286,-999.6491931442317,-4984.932010290336,False
-4.0,3.0,730.0602,528.9944,9103.013,2.674011,-3.665555,-0.624714,2000.0,2024-01-12 16:27:15.932645,199.35869139730312,3249.5465032023794,-827.3422339193903,False
-10.0,2.0,1778.475,493.0898,9694.242,0.2940108,-1.985555,5.605286,241.0,2024-01-12 16:27:16.112741,5821.421908315565,-199.3636727078892,3282.8546997157036,False
0.0,0.0,62.23464,-33.51096,9710.998,4.494011,-1.145555,-0.204714,161.0,2024-01-12 16:27:16.292875,-9527.575915707197,-2923.3834811862284,93.01964093396808,False
-1.0,1.0,327.9287,332.716,9938.394,2.604011,-4.855556,-2.094714,132.0,2024-01-12 16:27:16.473105,1474.1944182433556,2031.9977806136603,1261.6989402430263,False
0.0,-1.0,134.0438,-191.4912,9679.88,0.01401079,0.3944447,-4.334714,83.0,2024-01-12 16:27:16.728875,-758.043945732494,-2049.525745787231,-1010.7283887868047,False
57.0,27.0,-28046.28,8526.146,16092.44,8.414011,57.72445,-67.82471,42.0,2024-01-12 16:27:16.893903,-170760.86361102355,52825.20057202414,38857.406015948814,True
71.0,-150.0,-2324.224,-387.7697,-679.7938,-6.495989,-6.605556,-56.27471,40.0,2024-01-12 16:27:17.132934,107609.7075274755,-37291.8813877698,-70167.60922223478,True
7.0,8.0,-1460.12,1761.719,11707.29,24.44401,27.83445,-11.61471,40.0,2024-01-12 16:27:17.252451,7229.967284988748,17984.79463172603,103642.86084824754,True
7.0,8.0,-1460.12,1761.719,11707.29,24.44401,27.83445,-11.61471,40.0,2024-01-12 16:27:17.252451,7229.967284988748,17984.79463172603,103642.86084824754,True
-2.0,-10.0,560.1118,-2159.063,11424.84,-6.145989,-31.94555,-10.98471,40.0,2024-01-12 16:27:17.433002,11189.258436674403,-21715.648210200998,-1564.3779319970577,True
-6.0,3.0,1093.894,615.1655,9440.517,0.01401079,-0.3755553,3.365286,62.0,2024-01-12 16:27:17.613804,2952.3025187774474,15344.014446742847,-10975.116425703258,True
-6.0,3.0,1093.894,615.1655,9440.517,0.01401079,-0.3755553,3.365286,62.0,2024-01-12 16:27:17.613804,2952.3025187774474,15344.014446742847,-10975.116425703258,True
10.0,-18.0,-1563.047,-2647.366,8004.333,-6.075989,17.89445,128.6653,111.0,2024-01-12 16:27:17.850888,-11206.749506504024,-13761.078351976515,-6057.701067975909,True
10.0,-18.0,-1563.047,-2647.366,8004.333,-6.075989,17.89445,128.6653,111.0,2024-01-12 16:27:17.850888,-11206.749506504024,-13761.078351976515,-6057.701067975909,True
-7.0,3.0,1306.927,536.1754,10134.67,3.444011,0.2544447,150.3653,2000.0,2024-01-12 16:27:17.972995,23503.763093024972,26071.735445142378,17446.47726993539,True
-7.0,3.0,1306.927,536.1754,10134.67,3.444011,0.2544447,150.3653,2000.0,2024-01-12 16:27:17.972995,23503.763093024972,26071.735445142378,17446.47726993539,False
4.0,-3.0,-636.7083,-560.1118,8820.563,-4.395989,11.03444,142.1753,2000.0,2024-01-12 16:27:18.330782,-5432.380997632669,-3064.0777892992196,-3672.875202285158,False
3.0,3.0,-562.5054,612.7719,9945.574,-1.735989,6.344445,-1.044714,2000.0,2024-01-12 16:27:18.452815,608.0560176345742,9611.20106856342,9218.908000295005,False
3.0,-4.0,-538.569,-792.2949,10127.49,-0.6159892,-0.09555528,2.945286,2000.0,2024-01-12 16:27:18.632549,133.17680572401466,-7817.4791636529535,1012.1401626848524,False
-2.0,4.0,519.4199,878.4659,10776.17,0.9240108,0.04444473,4.625286,2000.0,2024-01-12 16:27:18.813095,5859.940956875254,9253.934177439543,3592.8793770008765,False
2.0,0.0,-385.376,57.44736,9751.689,1.554011,1.654445,0.705286,2000.0,2024-01-12 16:27:18.993125,-5025.806254513137,-4560.454035438538,-5690.612675665166,False
1.0,1.0,-165.1612,234.5767,9447.697,0.5040108,0.4644447,2.455286,2000.0,2024-01-12 16:27:19.233206,917.2520940849129,737.7899125711739,-1266.20598881211,False
-1.0,0.0,251.3322,-43.08552,10297.44,-0.9659892,-1.355555,1.685286,2000.0,2024-01-12 16:27:19.413326,2312.3106817677103,-1541.540195425272,4717.6493448811925,False
0.0,4.0,11.9682,818.6249,9758.87,-2.295989,-0.9355553,2.525286,2000.0,2024-01-12 16:27:19.652966,-998.848272408613,3595.8538641295277,-2247.4127858454335,False
-4.0,0.0,821.0186,122.0756,10266.32,-2.085989,0.1144447,-1.254714,2000.0,2024-01-12 16:27:19.832989,4494.150191919922,-3869.2239324975144,2818.806485837915,False
2.0,-3.0,-397.3442,-586.4418,10127.49,-0.05598922,2.214445,3.015286,2000.0,2024-01-12 16:27:20.012621,-6782.548766366795,-3944.2716219827203,-772.8578427006321,False
-8.0,3.0,1507.993,584.0482,9907.276,0.4340108,-0.4455553,3.855286,2000.0,2024-01-12 16:27:20.192820,10573.517056143486,6495.541040738293,-1222.0600558271685,False
0.0,-4.0,146.012,-861.7104,10421.91,1.274011,-0.5155553,1.615286,2000.0,2024-01-12 16:27:20.433445,-5660.180779220779,-6008.347428571429,2138.7387012987015,False
-5.0,-1.0,1108.255,-347.0778,10615.79,-1.245989,-0.6555552,3.575286,2000.0,2024-01-12 16:27:20.613073,5356.865299396532,2864.9909813614804,1079.3417507292907,False
0.0,0.0,102.9265,131.6502,9474.027,0.5040108,0.3244447,4.905286,2000.0,2024-01-12 16:27:20.852109,-4205.761893605984,2002.744356498603,-4776.5315684666775,False
-2.0,1.0,505.058,263.3004,10405.15,0.1540108,-0.02555527,4.205286,2000.0,2024-01-12 16:27:20.972499,3340.2400531605613,1093.531024171443,7734.222111471049,False
-3.0,0.0,612.7719,-129.2566,9366.313,-2.925989,-1.635555,-5.174714,2000.0,2024-01-12 16:27:21.152570,598.1746089042654,-2180.012328470437,-5769.041100454818,False
0.0,-2.0,-119.682,-375.8015,10378.82,-2.225989,4.874444,-0.554714,2000.0,2024-01-12 16:27:21.332686,-4066.567656399209,-1368.8117657509604,5621.416198449886,False
3.0,8.0,-538.569,1517.568,9933.606,-2.855989,0.04444473,-2.234714,2000.0,2024-01-12 16:27:21.512863,-2324.8638838475495,10508.386198016395,-2470.981312820171,False
